<?xml version = '1.0' encoding = 'utf-8'?>
<!DOCTYPE hostorical_events> 
<hostorical_events>
    <event>
        <description description = 'IBM make the PC to know'></description>
        <date>
            <day>12</day>
            <month>8</month>
            <year>1981</year>
        </date>
    </event>
    <event>
        <description description = 'Google see the light'></description>
        <date>
            <day>4</day>
            <month>9</month>
            <year>1998</year>
        </date>
    </event>
    <event>
        <description description = 'Facebook see the light'></description>
        <date>
            <day>4</day>
            <month>2</month>
            <year>2004</year>
        </date>
    </event>
</hostorical_events>
