<?xml version='1.0' encoding='utf-8'?>
<!DOCTYPE message>
<message>
    <sender>
        <name>Alfredo Reino</name>
        <email>alf&#64;ibum.com</email>
    </sender>
    <receiver>
        <name>Bill Clinton</name>
        <email>president&#64;whitehouse.gov</email>
    </receiver>
    <afair>Hi Bill</afair>
    <text>
        <paragraph>Hello, how are you?</paragraph>
        <paragraph>It's been a long time since you last wrote. Let's see if you call,
            and we can meet up soon</paragraph>
        <paragraph>Best regards</paragraph>
    </text>
</message>